{
  "interactive-discover-1": {
    "v0": {
      "n_results": 6,
      "n_http_requests": 96,
      "execution_time": {
        "average": 2906.73002218,
        "min": 2598.5156540000025,
        "max": 3111.423121999993,
        "std": 152.76816995997422
      }
    },
    "v1": {
      "n_results": 4,
      "n_http_requests": 18,
      "execution_time": {
        "average": 325.00758318000067,
        "min": 310.0474389999872,
        "max": 375.0067989999952,
        "std": 11.988619228707089
      }
    },
    "v2": {
      "n_results": 1,
      "n_http_requests": 24,
      "execution_time": {
        "average": 411.90080605999884,
        "min": 388.8688939999993,
        "max": 443.04694699999527,
        "std": 14.20231653630182
      }
    },
    "v3": {
      "n_results": 14,
      "n_http_requests": 230,
      "execution_time": {
        "average": 4215.289096000001,
        "min": 3809.03452500001,
        "max": 4806.93869000001,
        "std": 308.7139578133219
      }
    },
    "v4": {
      "n_results": 8,
      "n_http_requests": 120,
      "execution_time": {
        "average": 3273.7568899199996,
        "min": 2883.5707279999915,
        "max": 3584.7177870000014,
        "std": 234.4096362138912
      }
    }
  },
  "interactive-discover-2": {
    "v0": {
      "n_results": 66,
      "n_http_requests": 136,
      "execution_time": {
        "average": 4020.6210917999992,
        "min": 3544.1763340000034,
        "max": 4517.642745999998,
        "std": 306.552917972656
      }
    },
    "v1": {
      "n_results": 46,
      "n_http_requests": 19,
      "execution_time": {
        "average": 709.2636750199993,
        "min": 652.9900229999912,
        "max": 838.7203749999899,
        "std": 31.445214199710396
      }
    },
    "v2": {
      "n_results": 32,
      "n_http_requests": 25,
      "execution_time": {
        "average": 715.1443864200014,
        "min": 659.6763190000056,
        "max": 793.3420400000032,
        "std": 30.66551865433069
      }
    },
    "v3": {
      "n_results": 198,
      "n_http_requests": 230,
      "execution_time": {
        "average": 4800.340278440001,
        "min": 4291.389543000012,
        "max": 5485.432258000001,
        "std": 351.598490146347
      }
    },
    "v4": {
      "n_results": 98,
      "n_http_requests": 120,
      "execution_time": {
        "average": 3981.05341604,
        "min": 3500.739109999995,
        "max": 4406.595793,
        "std": 302.2174202633443
      }
    }
  },
  "interactive-discover-3": {
    "v0": {
      "n_results": 71,
      "n_http_requests": 262,
      "execution_time": {
        "average": 3376.45446438,
        "min": 3083.2596480000066,
        "max": 3822.3123709999927,
        "std": 174.17336678247585
      }
    },
    "v1": {
      "n_results": 67,
      "n_http_requests": 147,
      "execution_time": {
        "average": 2028.8348865600005,
        "min": 1510.6205699999991,
        "max": 2486.107785,
        "std": 308.486456827464
      }
    },
    "v2": {
      "n_results": 55,
      "n_http_requests": 109,
      "execution_time": {
        "average": 1678.9636409200002,
        "min": 1336.3878729999997,
        "max": 1893.2651360000018,
        "std": 142.36792913898321
      }
    },
    "v3": {
      "n_results": 203,
      "n_http_requests": 436,
      "execution_time": {
        "average": 5976.475815860002,
        "min": 5632.47206700001,
        "max": 6896.9483270000055,
        "std": 194.6279193361091
      }
    },
    "v4": {
      "n_results": 142,
      "n_http_requests": 271,
      "execution_time": {
        "average": 3673.4582417,
        "min": 3132.851526000013,
        "max": 5295.739260999995,
        "std": 417.19006888631213
      }
    }
  },
  "interactive-discover-4": {
    "v0": {
      "n_results": 5,
      "n_http_requests": 84,
      "execution_time": {
        "average": 1434.0980332000004,
        "min": 1248.953330000004,
        "max": 1651.9340519999969,
        "std": 115.21958896585528
      }
    },
    "v1": {
      "n_results": 3,
      "n_http_requests": 21,
      "execution_time": {
        "average": 589.6612177999996,
        "min": 549.4118929999968,
        "max": 647.0931710000004,
        "std": 21.911858959252804
      }
    },
    "v2": {
      "n_results": 3,
      "n_http_requests": 39,
      "execution_time": {
        "average": 824.5442583199995,
        "min": 741.3458859999955,
        "max": 914.4984179999883,
        "std": 53.63397491102796
      }
    },
    "v3": {
      "n_results": 3,
      "n_http_requests": 230,
      "execution_time": {
        "average": 3941.1858252599986,
        "min": 3598.932587999996,
        "max": 4556.915383,
        "std": 217.75138728158996
      }
    },
    "v4": {
      "n_results": 7,
      "n_http_requests": 81,
      "execution_time": {
        "average": 1528.2123575800003,
        "min": 1384.6984680000023,
        "max": 1750.108561000001,
        "std": 113.41683092306192
      }
    }
  },
  "interactive-discover-5": {
    "v0": {
      "n_results": 15,
      "n_http_requests": 136,
      "execution_time": {
        "average": 2922.6592688599985,
        "min": 2341.732191000003,
        "max": 3452.3030540000036,
        "std": 394.7715907000635
      }
    },
    "v1": {
      "n_results": 3,
      "n_http_requests": 19,
      "execution_time": {
        "average": 416.27262898000043,
        "min": 379.337686999992,
        "max": 469.5639999999985,
        "std": 17.84807281362875
      }
    },
    "v2": {
      "n_results": 3,
      "n_http_requests": 25,
      "execution_time": {
        "average": 450.67630942000045,
        "min": 426.7821210000111,
        "max": 534.8769400000019,
        "std": 17.1699915313907
      }
    },
    "v3": {
      "n_results": 4,
      "n_http_requests": 230,
      "execution_time": {
        "average": 3404.4396793000005,
        "min": 3049.461706000002,
        "max": 3599.3130579999997,
        "std": 149.83558639009146
      }
    },
    "v4": {
      "n_results": 20,
      "n_http_requests": 120,
      "execution_time": {
        "average": 2755.60849114,
        "min": 2255.8157400000055,
        "max": 3278.1116709999915,
        "std": 410.3949703216041
      }
    }
  },
  "interactive-discover-6": {
    "v0": {
      "timeout": 120000
    },
    "v1": {
      "n_results": 1,
      "n_http_requests": 30,
      "execution_time": {
        "average": 713.4319704600005,
        "min": 659.3201550000085,
        "max": 784.3544790000014,
        "std": 31.0898379722225
      }
    },
    "v2": {
      "n_results": 1,
      "n_http_requests": 25,
      "execution_time": {
        "average": 548.6296255199999,
        "min": 514.3350709999941,
        "max": 652.1083249999938,
        "std": 23.365467556347646
      }
    },
    "v3": {
      "timeout": 120000
    },
    "v4": {
      "n_results": 27,
      "n_http_requests": 130,
      "execution_time": {
        "average": 4306.3295959,
        "min": 3945.3638619999983,
        "max": 4605.202861999991,
        "std": 194.04073055026177
      }
    }
  },
  "interactive-discover-7": {
    "v0": {
      "timeout": 120000
    },
    "v1": {
      "n_results": 1,
      "n_http_requests": 30,
      "execution_time": {
        "average": 721.5910411800011,
        "min": 663.0719439999957,
        "max": 799.7436259999959,
        "std": 33.82259567104067
      }
    },
    "v2": {
      "n_results": 1,
      "n_http_requests": 26,
      "execution_time": {
        "average": 587.5976282999985,
        "min": 548.5083210000012,
        "max": 648.993650999997,
        "std": 24.60767768207919
      }
    },
    "v3": {
      "timeout": 120000
    },
    "v4": {
      "n_results": 1,
      "n_http_requests": 131,
      "execution_time": {
        "average": 3527.5960763800003,
        "min": 3133.101985000001,
        "max": 3888.1725270000024,
        "std": 256.072894802225
      }
    }
  },